{
    "parent": "minecraft:item/generated",
    "textures": {
      "layer0": "magic_metal:item/ingreadient/blade_stone"
    },"display": {
    "firstperson_righthand": { "rotation": [0,90,0], "translation": [3, 3, 0], "scale": [1,1,0.7] },
    "firstperson_lefthand":  { "rotation": [0,90,0], "translation": [3, 3, 0], "scale": [1,1,0.7] },
    "thirdperson_righthand": { "rotation": [0, 0, 0], "translation": [0, 3, 0], "scale": [0.8,0.8,0.8] },
    "thirdperson_lefthand":  { "rotation": [0,0, 0], "translation": [0, 3, 0], "scale": [0.8,0.8,0.8] },
    "gui":    { "rotation": [0, 0, 0], "translation": [0, 0, 0], "scale": [1.5,1.5,1.5] },
    "ground": { "rotation": [0, 0, 0],    "translation": [0, 0, 0],  "scale": [0.8,0.8,0.8] },
    "fixed":  { "rotation": [0, 0, 0],  "translation": [0, 0, 0],  "scale": [1.5,1.5,1.5] }
  }
  }