{
  "parent": "minecraft:item/handheld",
  "textures": {
    "layer0": "magic_metal:item/flame_hunter"
  },
  "display": {
    "firstperson_righthand": { "rotation": [0,-100, 25], "translation": [2, 3.5, 1.13], "scale": [0.8,1.1,0.8] },
    "firstperson_lefthand":  { "rotation": [0,80,-25], "translation": [2, 3.5, 1.13], "scale": [0.8,1.1,0.8] },
    "thirdperson_righthand": { "rotation": [0,-90,40], "translation": [0, 12.5, 2], "scale": [1.5, 1.5, 1.5] },
    "thirdperson_lefthand":  { "rotation": [0,90,-40], "translation": [0, 12.5, 2], "scale": [1.5, 1.5, 1.5] },
    "gui":    { "rotation": [0, 0, 0], "translation": [0, 0, 0], "scale": [1, 1, 1] },
    "ground": { "rotation": [0, 0, 0],    "translation": [0, 0, 0],  "scale": [0.7, 0.7, 0.7] },
    "fixed":  { "rotation": [0, 0, 0],  "translation": [0, 0, 0],  "scale": [1, 1, 1] }
  }
}

