{
  "parent": "minecraft:item/handheld",
  "textures": {
    "layer0": "magic_metal:item/mace_blade"
  },
  "display": {
    "firstperson_righthand": { "rotation": [0, -90, 25], "translation": [1.13, 4, 1.13], "scale": [0.68, 0.9, 0.68] },
    "firstperson_lefthand":  { "rotation": [0,  90,-25], "translation": [1.13, 4, 1.13], "scale": [0.68, 0.9, 0.68] },
    "thirdperson_righthand": { "rotation": [-80, 260, -40], "translation": [-1, 6.5, 2.5], "scale": [1.2, 1.2, 0.9] },
    "thirdperson_lefthand":  { "rotation": [80,-280, -120], "translation": [1, 6.5, 2.5], "scale": [1.2, 1.2, 0.9] },
    "gui":    { "rotation": [0, 0, 0], "translation": [0, 0, 0], "scale": [1, 1, 1] },
    "ground": { "rotation": [0, 0, 0],    "translation": [0, 0, 0],  "scale": [0.7, 0.7, 0.7] },
    "fixed":  { "rotation": [0, 0, 0],  "translation": [0, 0, 0],  "scale": [1, 1, 1] }
  }
}