{
  "providers": [
    {
      "type": "space",
      "advances": {
        "A": 100,
        "B": -10,
        "a":2,
        "b":-2
      }
    },
    {
      "type": "bitmap",
      "file": "magic_metal:font/mana_bar/mana_full.png",
      "ascent": -16,
      "height": 8,
      "chars": [
        "F"
      ]
    },
    {
      "type": "bitmap",
      "file": "magic_metal:font/mana_bar/mana_half.png",
      "ascent": -16,
      "height": 8,
      "chars": [
        "H"
      ]
    },
    {
      "type": "bitmap",
      "file": "magic_metal:font/mana_bar/mana_empty.png",
      "ascent": -16,
      "height": 8,
      "chars": [
        "E"
      ]
    }
  ]
}