{
  "parent": "minecraft:item/handheld",
  "textures": {
    "layer0": "magic_metal:item/lily_sickle"
  },
  "display": {
    "firstperson_righthand": { "rotation": [0,-90, 25], "translation": [1.13, 4, 1.13], "scale": [0.9, 0.9, 0.68] },
    "firstperson_lefthand":  { "rotation": [0,90,-25], "translation": [1.13, 4, 1.13], "scale": [0.9, 0.9, 0.68] },
    "thirdperson_righthand": { "rotation": [0,-70,30], "translation": [-0.5, 7, 2], "scale": [2,2,0.8] },
    "thirdperson_lefthand":  { "rotation": [0,110,-30], "translation": [-0.5, 7, 2], "scale": [2,2,0.8] },
    "gui":    { "rotation": [0, 0, 0], "translation": [0, 0, 0], "scale": [1, 1, 1] },
    "ground": { "rotation": [0, 0, 0],    "translation": [0, 0, 0],  "scale": [0.7, 0.7, 0.7] },
    "fixed":  { "rotation": [0, 0, 0],  "translation": [0, 0, 0],  "scale": [1, 1, 1] }
  }
}

