{
  "parent": "minecraft:item/handheld",
  "textures": {
    "layer0": "magic_metal:item/thousand_blade"
  },
  "display": {
    "firstperson_righthand": { "rotation": [0,-100, 40], "translation": [5,2,0], "scale": [1.2,1.2,0.5] },
    "firstperson_lefthand":  { "rotation": [0,80,-40], "translation": [5,2,0], "scale": [1.2,1.2,0.5] },
    "thirdperson_righthand": { "rotation": [0, -90, 20], "translation": [0, 9, 8], "scale": [1.8,1.8,0.9] },
    "thirdperson_lefthand":  { "rotation": [0,90, -20], "translation": [0, 9, 8], "scale": [1.8,1.8,0.9 ]},
    "gui":    { "rotation": [0, 0, 0], "translation": [0, 0, 0], "scale": [1.5,1.5,1] },
    "ground": { "rotation": [0, 0, 0],    "translation": [0, 0, 0],  "scale": [0.8, 0.8, 0.5] },
    "fixed":  { "rotation": [0, 0, 0],  "translation": [0, 0, 0],  "scale": [1,1,1] }
  }
}