{
    "parent": "minecraft:item/generated",
    "textures": {
      "layer0": "magic_metal:item/refing/refing_roll"
    },"display": {
    "firstperson_righthand": { "rotation": [0,90,0], "translation": [1.5, 3, 0], "scale": [0.8,0.8,0.3] },
    "firstperson_lefthand":  { "rotation": [0,-90,0], "translation": [1.5, 3, 0], "scale": [0.8,0.8,0.3] },
    "thirdperson_righthand": { "rotation": [0, 0, 0], "translation": [0, 3, 0], "scale": [0.8,0.8,0.5] },
    "thirdperson_lefthand":  { "rotation": [0,0, 0], "translation": [0, 3, 0], "scale": [0.8,0.8,0.5] },
    "gui":    { "rotation": [0, 0, 0], "translation": [0.7,0,0], "scale": [1.1,1.1,1.1] },
    "ground": { "rotation": [0, 0, 0],    "translation": [0,0,0],  "scale": [0.6,0.6,0.6] },
    "fixed":  { "rotation": [0, 0, 0],  "translation": [0.7,0,0],  "scale": [1.1,1.1,1.1] }
  }
  }